prot,1,23
caspase8,11838.08526,5907
bid,136356.7339,193589
mcl1,26291.92439,8123
bax,9109.281506,119922
fadd,9346.21173,2808
bad,70388.90566,10537
bclxl,9228.297647,9943
mlkl,4328.360253,8173
rip3,7431.664718,6773
nfkb2,17032.0458,2290
tradd,25556.95075,9845
caspase3,10674.9966,30566
caspase7,702.1680607,19469
ikbe,4450.357761,2812
nemo,2753.854732,11913
rela,5868.950186,11197